0.004189252853393555,api-2,GET,/api/test
0.0036878585815429688,api-2,GET,/api/test
0.0038878917694091797,api-2,GET,/api/test
0.03302288055419922,api-2,GET,/api/test
0.004736185073852539,api-2,GET,/api/test
0.005135774612426758,api-2,GET,/api/test
0.004850864410400391,api-2,GET,/api/test
0.005380153656005859,api-2,GET,/api/test
0.005599021911621094,api-2,GET,/api/test
0.0057718753814697266,api-2,GET,/api/test
0.004791975021362305,api-2,GET,/api/test
0.004086017608642578,api-2,GET,/api/test
0.005852937698364258,api-2,GET,/api/test
0.004552125930786133,api-2,GET,/api/test
0.0041620731353759766,api-2,GET,/api/test
0.004815101623535156,api-2,GET,/api/test
0.004886150360107422,api-2,GET,/api/test
0.003840923309326172,api-2,GET,/api/test
0.0038442611694335938,api-2,GET,/api/test
0.00538325309753418,api-2,GET,/api/test
0.0038061141967773438,api-2,GET,/api/test
0.0039730072021484375,api-2,GET,/api/test
0.0038237571716308594,api-2,GET,/api/test
0.00421905517578125,api-2,GET,/api/test
0.005056142807006836,api-2,GET,/api/test
0.0039179325103759766,api-2,GET,/api/test
0.0037679672241210938,api-2,GET,/api/test
0.0036051273345947266,api-2,GET,/api/test
0.004526853561401367,api-2,GET,/api/test
0.003337860107421875,api-2,GET,/api/test
0.003494739532470703,api-2,GET,/api/test
0.006479740142822266,api-2,GET,/api/test
0.003261089324951172,api-2,GET,/api/test
0.0036458969116210938,api-2,GET,/api/test
0.0036280155181884766,api-2,GET,/api/test
0.0032320022583007812,api-2,GET,/api/test
0.003409862518310547,api-2,GET,/api/test
0.0031859874725341797,api-2,GET,/api/test
0.007508039474487305,api-2,GET,/api/test
0.005948066711425781,api-2,GET,/api/test
0.0045909881591796875,api-2,GET,/api/test
0.004328012466430664,api-2,GET,/api/test
0.004467010498046875,api-2,GET,/api/test
0.004642009735107422,api-2,GET,/api/test
0.006167173385620117,api-2,GET,/api/test
0.003847360610961914,api-2,GET,/api/test
0.0037980079650878906,api-2,GET,/api/test
0.0045549869537353516,api-2,GET,/api/test
0.005198955535888672,api-2,GET,/api/test
0.004168987274169922,api-2,GET,/api/test
0.003976345062255859,api-2,GET,/api/test
0.004366159439086914,api-2,GET,/api/test
0.005784749984741211,api-2,GET,/api/test
0.00467681884765625,api-2,GET,/api/test
0.004508256912231445,api-2,GET,/api/test
0.004766941070556641,api-2,GET,/api/test
0.0037250518798828125,api-2,GET,/api/test
0.0036458969116210938,api-2,GET,/api/test
0.003256082534790039,api-2,GET,/api/test
0.0057370662689208984,api-2,GET,/api/test
0.0043811798095703125,api-2,GET,/api/test
0.004130125045776367,api-2,GET,/api/test
0.0036280155181884766,api-2,GET,/api/test
0.003785848617553711,api-2,GET,/api/test
0.0035681724548339844,api-2,GET,/api/test
0.0038449764251708984,api-2,GET,/api/test
0.004217863082885742,api-2,GET,/api/test
0.003864765167236328,api-2,GET,/api/test
0.004519939422607422,api-2,GET,/api/test
0.00480198860168457,api-2,GET,/api/test
0.0034551620483398438,api-2,GET,/api/test
0.00424504280090332,api-2,GET,/api/test
0.003523111343383789,api-2,GET,/api/test
0.0036368370056152344,api-2,GET,/api/test
0.00437617301940918,api-2,GET,/api/test
0.004507780075073242,api-2,GET,/api/test
0.00503230094909668,api-2,GET,/api/test
0.004433870315551758,api-2,GET,/api/test
0.003576040267944336,api-2,GET,/api/test
0.004194021224975586,api-2,GET,/api/test
0.00449824333190918,api-2,GET,/api/test
0.0037050247192382812,api-2,GET,/api/test
0.004492998123168945,api-2,GET,/api/test
0.0038862228393554688,api-2,GET,/api/test
0.004224061965942383,api-2,GET,/api/test
0.005280971527099609,api-2,GET,/api/test
0.003738880157470703,api-2,GET,/api/test
0.0038251876831054688,api-2,GET,/api/test
0.004197120666503906,api-2,GET,/api/test
0.005896091461181641,api-2,GET,/api/test
0.004850149154663086,api-2,GET,/api/test
0.004626035690307617,api-2,GET,/api/test
0.004293680191040039,api-2,GET,/api/test
0.004858255386352539,api-2,GET,/api/test
0.005043983459472656,api-2,GET,/api/test
0.00541377067565918,api-2,GET,/api/test
0.004834175109863281,api-2,GET,/api/test
0.005072116851806641,api-2,GET,/api/test
0.0048787593841552734,api-2,GET,/api/test
0.006003856658935547,api-2,GET,/api/test
0.004803895950317383,api-2,GET,/api/test
0.004869222640991211,api-2,GET,/api/test
0.004975795745849609,api-2,GET,/api/test
0.0054378509521484375,api-2,GET,/api/test
0.0051648616790771484,api-2,GET,/api/test
0.004851818084716797,api-2,GET,/api/test
0.005010843276977539,api-2,GET,/api/test
0.005112886428833008,api-2,GET,/api/test
0.004678964614868164,api-2,GET,/api/test
0.004496097564697266,api-2,GET,/api/test
0.004364728927612305,api-2,GET,/api/test
0.004240989685058594,api-2,GET,/api/test
0.005506753921508789,api-2,GET,/api/test
0.0063838958740234375,api-2,GET,/api/test
0.003941774368286133,api-2,GET,/api/test
0.00531768798828125,api-2,GET,/api/test
0.004023075103759766,api-2,GET,/api/test
0.003590106964111328,api-2,GET,/api/test
0.00480198860168457,api-2,GET,/api/test
0.0044460296630859375,api-2,GET,/api/test
0.003983736038208008,api-2,GET,/api/test
0.00428009033203125,api-2,GET,/api/test
0.004239082336425781,api-2,GET,/api/test
0.005986213684082031,api-2,GET,/api/test
0.004240989685058594,api-2,GET,/api/test
0.004617929458618164,api-2,GET,/api/test
0.0037937164306640625,api-2,GET,/api/test
0.0046880245208740234,api-2,GET,/api/test
0.004347801208496094,api-2,GET,/api/test
0.004249095916748047,api-2,GET,/api/test
0.004930257797241211,api-2,GET,/api/test
0.004602193832397461,api-2,GET,/api/test
0.0046558380126953125,api-2,GET,/api/test
0.0058460235595703125,api-2,GET,/api/test
0.0052890777587890625,api-2,GET,/api/test
0.006356000900268555,api-2,GET,/api/test
0.00484919548034668,api-2,GET,/api/test
0.006928920745849609,api-2,GET,/api/test
0.0052051544189453125,api-2,GET,/api/test
0.004942178726196289,api-2,GET,/api/test
0.004517078399658203,api-2,GET,/api/test
0.005017995834350586,api-2,GET,/api/test
0.005624055862426758,api-2,GET,/api/test
0.005388975143432617,api-2,GET,/api/test
0.005825042724609375,api-2,GET,/api/test
0.004815816879272461,api-2,GET,/api/test
0.006070137023925781,api-2,GET,/api/test
0.0053708553314208984,api-2,GET,/api/test
0.00573420524597168,api-2,GET,/api/test
0.005079030990600586,api-2,GET,/api/test
0.0047228336334228516,api-2,GET,/api/test
0.004296779632568359,api-2,GET,/api/test
0.004435062408447266,api-2,GET,/api/test
0.004069805145263672,api-2,GET,/api/test
0.005080223083496094,api-2,GET,/api/test
0.006499767303466797,api-2,GET,/api/test
0.005164146423339844,api-2,GET,/api/test
0.003737926483154297,api-2,GET,/api/test
0.006417036056518555,api-2,GET,/api/test
0.003815889358520508,api-2,GET,/api/test
0.004571676254272461,api-2,GET,/api/test
0.00414586067199707,api-2,GET,/api/test
0.003773927688598633,api-2,GET,/api/test
0.0038852691650390625,api-2,GET,/api/test
0.0033941268920898438,api-2,GET,/api/test
0.0035371780395507812,api-2,GET,/api/test
0.003431081771850586,api-2,GET,/api/test
0.003981828689575195,api-2,GET,/api/test
0.00391697883605957,api-2,GET,/api/test
0.003568887710571289,api-2,GET,/api/test
0.0036668777465820312,api-2,GET,/api/test
0.003635883331298828,api-2,GET,/api/test
0.0038759708404541016,api-2,GET,/api/test
0.004992008209228516,api-2,GET,/api/test
0.004622936248779297,api-2,GET,/api/test
0.005125999450683594,api-2,GET,/api/test
0.004850149154663086,api-2,GET,/api/test
0.005033969879150391,api-2,GET,/api/test
0.005596160888671875,api-2,GET,/api/test
0.005475044250488281,api-2,GET,/api/test
0.005570888519287109,api-2,GET,/api/test
0.007345914840698242,api-2,GET,/api/test
0.0058727264404296875,api-2,GET,/api/test
0.005878925323486328,api-2,GET,/api/test
0.0046079158782958984,api-2,GET,/api/test
0.004434823989868164,api-2,GET,/api/test
0.0042650699615478516,api-2,GET,/api/test
0.004283905029296875,api-2,GET,/api/test
0.0037221908569335938,api-2,GET,/api/test
0.003803253173828125,api-2,GET,/api/test
0.003676891326904297,api-2,GET,/api/test
0.004517078399658203,api-2,GET,/api/test
0.004536151885986328,api-2,GET,/api/test
0.003676891326904297,api-2,GET,/api/test
0.0035278797149658203,api-2,GET,/api/test
0.0032720565795898438,api-2,GET,/api/test
0.0042650699615478516,api-2,GET,/api/test
0.003916025161743164,api-2,GET,/api/test
0.0038869380950927734,api-2,GET,/api/test
0.003845691680908203,api-2,GET,/api/test
0.003471851348876953,api-2,GET,/api/test
0.004010915756225586,api-2,GET,/api/test
0.0037670135498046875,api-2,GET,/api/test
0.004210948944091797,api-2,GET,/api/test
0.003809690475463867,api-2,GET,/api/test
0.003612041473388672,api-2,GET,/api/test
0.005419015884399414,api-2,GET,/api/test
0.004912137985229492,api-2,GET,/api/test
0.004642009735107422,api-2,GET,/api/test
0.004316806793212891,api-2,GET,/api/test
0.003977060317993164,api-2,GET,/api/test
0.0038559436798095703,api-2,GET,/api/test
0.004241943359375,api-2,GET,/api/test
0.0036673545837402344,api-2,GET,/api/test
0.0038831233978271484,api-2,GET,/api/test
0.0038461685180664062,api-2,GET,/api/test
0.0036458969116210938,api-2,GET,/api/test
0.003371000289916992,api-2,GET,/api/test
0.005755186080932617,api-2,GET,/api/test
0.004333972930908203,api-2,GET,/api/test
0.0043811798095703125,api-2,GET,/api/test
0.004374027252197266,api-2,GET,/api/test
0.004934072494506836,api-2,GET,/api/test
0.004740238189697266,api-2,GET,/api/test
0.003520965576171875,api-2,GET,/api/test
0.0035469532012939453,api-2,GET,/api/test
0.003241300582885742,api-2,GET,/api/test
0.003522634506225586,api-2,GET,/api/test
0.004181861877441406,api-2,GET,/api/test
0.0045680999755859375,api-2,GET,/api/test
0.003813028335571289,api-2,GET,/api/test
0.0056819915771484375,api-2,GET,/api/test
0.0042209625244140625,api-2,GET,/api/test
0.005263090133666992,api-2,GET,/api/test
0.0051457881927490234,api-2,GET,/api/test
0.004332065582275391,api-2,GET,/api/test
0.004766941070556641,api-2,GET,/api/test
0.004767894744873047,api-2,GET,/api/test
0.003905057907104492,api-2,GET,/api/test
0.005096912384033203,api-2,GET,/api/test
0.0039520263671875,api-2,GET,/api/test
0.003499746322631836,api-2,GET,/api/test
0.0036699771881103516,api-2,GET,/api/test
0.0034780502319335938,api-2,GET,/api/test
0.0033838748931884766,api-2,GET,/api/test
0.0034520626068115234,api-2,GET,/api/test
0.003940105438232422,api-2,GET,/api/test
0.004070281982421875,api-2,GET,/api/test
0.0035719871520996094,api-2,GET,/api/test
0.0034873485565185547,api-2,GET,/api/test
0.0033638477325439453,api-2,GET,/api/test
0.0035872459411621094,api-2,GET,/api/test
0.0035490989685058594,api-2,GET,/api/test
0.004071950912475586,api-2,GET,/api/test
0.0047190189361572266,api-2,GET,/api/test
0.004469871520996094,api-2,GET,/api/test
0.0037360191345214844,api-2,GET,/api/test
0.00400996208190918,api-2,GET,/api/test
0.0036420822143554688,api-2,GET,/api/test
0.0033981800079345703,api-2,GET,/api/test
0.004302024841308594,api-2,GET,/api/test
0.003948688507080078,api-2,GET,/api/test
0.004541873931884766,api-2,GET,/api/test
0.0053179264068603516,api-2,GET,/api/test
0.0037140846252441406,api-2,GET,/api/test
0.003986835479736328,api-2,GET,/api/test
0.0042629241943359375,api-2,GET,/api/test
0.004450798034667969,api-2,GET,/api/test
0.004225969314575195,api-2,GET,/api/test
0.003504037857055664,api-2,GET,/api/test
0.0032820701599121094,api-2,GET,/api/test
0.004191875457763672,api-2,GET,/api/test
0.0033931732177734375,api-2,GET,/api/test
0.003400087356567383,api-2,GET,/api/test
0.003374814987182617,api-2,GET,/api/test
0.003183126449584961,api-2,GET,/api/test
0.0035059452056884766,api-2,GET,/api/test
0.003564119338989258,api-2,GET,/api/test
0.004544973373413086,api-2,GET,/api/test
0.004003047943115234,api-2,GET,/api/test
0.004218101501464844,api-2,GET,/api/test
0.003450155258178711,api-2,GET,/api/test
0.0038967132568359375,api-2,GET,/api/test
0.003838062286376953,api-2,GET,/api/test
0.004086971282958984,api-2,GET,/api/test
0.0038442611694335938,api-2,GET,/api/test
0.0034928321838378906,api-2,GET,/api/test
0.004372119903564453,api-2,GET,/api/test
0.004560232162475586,api-2,GET,/api/test
0.0047571659088134766,api-2,GET,/api/test
0.004331111907958984,api-2,GET,/api/test
0.003971099853515625,api-2,GET,/api/test
0.003473997116088867,api-2,GET,/api/test
0.003919839859008789,api-2,GET,/api/test
0.0034110546112060547,api-2,GET,/api/test
0.003571748733520508,api-2,GET,/api/test
0.003782987594604492,api-2,GET,/api/test
0.003659963607788086,api-2,GET,/api/test
0.0034401416778564453,api-2,GET,/api/test
0.0038330554962158203,api-2,GET,/api/test
0.003214120864868164,api-2,GET,/api/test
0.0032749176025390625,api-2,GET,/api/test
0.0032999515533447266,api-2,GET,/api/test
0.003392934799194336,api-2,GET,/api/test
0.003142118453979492,api-2,GET,/api/test
0.0035631656646728516,api-2,GET,/api/test
0.0034029483795166016,api-2,GET,/api/test
0.004035234451293945,api-2,GET,/api/test
0.0040318965911865234,api-2,GET,/api/test
0.003895998001098633,api-2,GET,/api/test
0.003874063491821289,api-2,GET,/api/test
0.0036580562591552734,api-2,GET,/api/test
0.0033991336822509766,api-2,GET,/api/test
0.0033829212188720703,api-2,GET,/api/test
0.003922939300537109,api-2,GET,/api/test
0.004164218902587891,api-2,GET,/api/test
0.0038018226623535156,api-2,GET,/api/test
0.004408121109008789,api-2,GET,/api/test
0.004413127899169922,api-2,GET,/api/test
0.0045261383056640625,api-2,GET,/api/test
0.0035271644592285156,api-2,GET,/api/test
0.0045261383056640625,api-2,GET,/api/test
0.003434896469116211,api-2,GET,/api/test
0.003759145736694336,api-2,GET,/api/test
0.0034470558166503906,api-2,GET,/api/test
0.0036520957946777344,api-2,GET,/api/test
0.003421783447265625,api-2,GET,/api/test
0.0038847923278808594,api-2,GET,/api/test
0.0037860870361328125,api-2,GET,/api/test
0.0033752918243408203,api-2,GET,/api/test
0.0031468868255615234,api-2,GET,/api/test
0.0033998489379882812,api-2,GET,/api/test
0.0033757686614990234,api-2,GET,/api/test
0.0031201839447021484,api-2,GET,/api/test
0.0032079219818115234,api-2,GET,/api/test
0.004186868667602539,api-2,GET,/api/test
0.0040628910064697266,api-2,GET,/api/test
0.0034961700439453125,api-2,GET,/api/test
0.00360870361328125,api-2,GET,/api/test
0.003378152847290039,api-2,GET,/api/test
0.0034551620483398438,api-2,GET,/api/test
0.003401041030883789,api-2,GET,/api/test
0.005033969879150391,api-2,GET,/api/test
0.003921985626220703,api-2,GET,/api/test
0.004964113235473633,api-2,GET,/api/test
0.0052378177642822266,api-2,GET,/api/test
0.008665084838867188,api-2,GET,/api/test
0.003803253173828125,api-2,GET,/api/test
0.003448963165283203,api-2,GET,/api/test
0.006094932556152344,api-2,GET,/api/test
0.0058100223541259766,api-2,GET,/api/test
0.00549626350402832,api-2,GET,/api/test
0.0049397945404052734,api-2,GET,/api/test
0.004964113235473633,api-2,GET,/api/test
0.004721879959106445,api-2,GET,/api/test
0.004545927047729492,api-2,GET,/api/test
0.004455089569091797,api-2,GET,/api/test
0.005096912384033203,api-2,GET,/api/test
0.004263877868652344,api-2,GET,/api/test
0.004239320755004883,api-2,GET,/api/test
0.005355119705200195,api-2,GET,/api/test
0.004970073699951172,api-2,GET,/api/test
0.004040956497192383,api-2,GET,/api/test
0.004330873489379883,api-2,GET,/api/test
0.02252507209777832,api-2,GET,/api/test
0.00537109375,api-2,GET,/api/test
0.0050640106201171875,api-2,GET,/api/test
0.005279064178466797,api-2,GET,/api/test
0.0048580169677734375,api-2,GET,/api/test
0.004548788070678711,api-2,GET,/api/test
0.005778789520263672,api-2,GET,/api/test
0.005712747573852539,api-2,GET,/api/test
0.0051670074462890625,api-2,GET,/api/test
0.005278110504150391,api-2,GET,/api/test
0.0071108341217041016,api-2,GET,/api/test
0.0056438446044921875,api-2,GET,/api/test
0.005048990249633789,api-2,GET,/api/test
0.0048980712890625,api-2,GET,/api/test
0.0039827823638916016,api-2,GET,/api/test
0.004562854766845703,api-2,GET,/api/test
0.008584260940551758,api-2,GET,/api/test
0.0036149024963378906,api-2,GET,/api/test
0.003803253173828125,api-2,GET,/api/test
0.0043871402740478516,api-2,GET,/api/test
0.0058460235595703125,api-2,GET,/api/test
0.005174160003662109,api-2,GET,/api/test
0.005015134811401367,api-2,GET,/api/test
0.005273103713989258,api-2,GET,/api/test
0.004044771194458008,api-2,GET,/api/test
0.004633903503417969,api-2,GET,/api/test
0.0036602020263671875,api-2,GET,/api/test
0.0045871734619140625,api-2,GET,/api/test
0.0042040348052978516,api-2,GET,/api/test
0.005006074905395508,api-2,GET,/api/test
0.004492998123168945,api-2,GET,/api/test
0.0036847591400146484,api-2,GET,/api/test
0.004352092742919922,api-2,GET,/api/test
0.004261016845703125,api-2,GET,/api/test
0.004137992858886719,api-2,GET,/api/test
0.0038988590240478516,api-2,GET,/api/test
0.0040912628173828125,api-2,GET,/api/test
0.004600048065185547,api-2,GET,/api/test
0.0035521984100341797,api-2,GET,/api/test
0.0038089752197265625,api-2,GET,/api/test
0.003408670425415039,api-2,GET,/api/test
0.0038399696350097656,api-2,GET,/api/test
0.004271745681762695,api-2,GET,/api/test
0.0044209957122802734,api-2,GET,/api/test
0.004130840301513672,api-2,GET,/api/test
0.004951953887939453,api-2,GET,/api/test
0.004166126251220703,api-2,GET,/api/test
0.005239009857177734,api-2,GET,/api/test
0.004591226577758789,api-2,GET,/api/test
0.0043370723724365234,api-2,GET,/api/test
0.004971981048583984,api-2,GET,/api/test
0.007458925247192383,api-2,GET,/api/test
0.004141807556152344,api-2,GET,/api/test
0.005991935729980469,api-2,GET,/api/test
0.0038552284240722656,api-2,GET,/api/test
0.005433082580566406,api-2,GET,/api/test
0.003731966018676758,api-2,GET,/api/test
0.004307270050048828,api-2,GET,/api/test
0.004957914352416992,api-2,GET,/api/test
0.004702329635620117,api-2,GET,/api/test
0.005135297775268555,api-2,GET,/api/test
0.004834890365600586,api-2,GET,/api/test
0.0047550201416015625,api-2,GET,/api/test
0.005405902862548828,api-2,GET,/api/test
0.003620147705078125,api-2,GET,/api/test
0.003993988037109375,api-2,GET,/api/test
0.0038220882415771484,api-2,GET,/api/test
0.003974199295043945,api-2,GET,/api/test
0.0034329891204833984,api-2,GET,/api/test
0.004220247268676758,api-2,GET,/api/test
0.0033910274505615234,api-2,GET,/api/test
0.004349946975708008,api-2,GET,/api/test
0.003818035125732422,api-2,GET,/api/test
0.003977060317993164,api-2,GET,/api/test
0.003968954086303711,api-2,GET,/api/test
0.003993034362792969,api-2,GET,/api/test
0.005352020263671875,api-2,GET,/api/test
0.005096912384033203,api-2,GET,/api/test
0.003513813018798828,api-2,GET,/api/test
0.003438711166381836,api-2,GET,/api/test
0.003515958786010742,api-2,GET,/api/test
0.0037071704864501953,api-2,GET,/api/test
0.003970623016357422,api-2,GET,/api/test
0.003854036331176758,api-2,GET,/api/test
0.0038919448852539062,api-2,GET,/api/test
0.003283977508544922,api-2,GET,/api/test
0.003389120101928711,api-2,GET,/api/test
0.00356292724609375,api-2,GET,/api/test
0.0037279129028320312,api-2,GET,/api/test
0.004454851150512695,api-2,GET,/api/test
0.00345611572265625,api-2,GET,/api/test
0.0034580230712890625,api-2,GET,/api/test
0.0034160614013671875,api-2,GET,/api/test
0.0037021636962890625,api-2,GET,/api/test
0.003552675247192383,api-2,GET,/api/test
0.0033049583435058594,api-2,GET,/api/test
0.00398707389831543,api-2,GET,/api/test
0.003735065460205078,api-2,GET,/api/test
0.0040509700775146484,api-2,GET,/api/test
0.004379987716674805,api-2,GET,/api/test
0.003657102584838867,api-2,GET,/api/test
0.004658937454223633,api-2,GET,/api/test
0.003556966781616211,api-2,GET,/api/test
0.0037698745727539062,api-2,GET,/api/test
0.0034208297729492188,api-2,GET,/api/test
0.0034232139587402344,api-2,GET,/api/test
0.003554105758666992,api-2,GET,/api/test
0.003618955612182617,api-2,GET,/api/test
0.0035490989685058594,api-2,GET,/api/test
0.0034570693969726562,api-2,GET,/api/test
0.003226041793823242,api-2,GET,/api/test
0.00379180908203125,api-2,GET,/api/test
0.003264904022216797,api-2,GET,/api/test
0.003120899200439453,api-2,GET,/api/test
0.003268003463745117,api-2,GET,/api/test
0.0038979053497314453,api-2,GET,/api/test
0.003445148468017578,api-2,GET,/api/test
0.0033371448516845703,api-2,GET,/api/test
0.0030069351196289062,api-2,GET,/api/test
0.0030252933502197266,api-2,GET,/api/test
0.003268003463745117,api-2,GET,/api/test
0.004422187805175781,api-2,GET,/api/test
0.0035009384155273438,api-2,GET,/api/test
0.0035829544067382812,api-2,GET,/api/test
0.0031731128692626953,api-2,GET,/api/test
0.0035898685455322266,api-2,GET,/api/test
0.0036859512329101562,api-2,GET,/api/test
0.003309965133666992,api-2,GET,/api/test
0.0038950443267822266,api-2,GET,/api/test
0.003735065460205078,api-2,GET,/api/test
0.003603219985961914,api-2,GET,/api/test
0.00384521484375,api-2,GET,/api/test
0.0035440921783447266,api-2,GET,/api/test
0.003915071487426758,api-2,GET,/api/test
0.0033936500549316406,api-2,GET,/api/test
0.0036318302154541016,api-2,GET,/api/test
0.0036199092864990234,api-2,GET,/api/test
0.0037479400634765625,api-2,GET,/api/test
0.003326892852783203,api-2,GET,/api/test
0.0034050941467285156,api-2,GET,/api/test
0.0032372474670410156,api-2,GET,/api/test
0.0034329891204833984,api-2,GET,/api/test
0.0038492679595947266,api-2,GET,/api/test
0.003538846969604492,api-2,GET,/api/test
0.003371000289916992,api-2,GET,/api/test
0.003401041030883789,api-2,GET,/api/test
0.003956317901611328,api-2,GET,/api/test
0.0038280487060546875,api-2,GET,/api/test
0.004051923751831055,api-2,GET,/api/test
0.0033330917358398438,api-2,GET,/api/test
0.003197908401489258,api-2,GET,/api/test
0.0031418800354003906,api-2,GET,/api/test
0.00327301025390625,api-2,GET,/api/test
0.003724813461303711,api-2,GET,/api/test
0.0036780834197998047,api-2,GET,/api/test
0.0035309791564941406,api-2,GET,/api/test
0.0033111572265625,api-2,GET,/api/test
0.003693103790283203,api-2,GET,/api/test
0.0034170150756835938,api-2,GET,/api/test
0.005522012710571289,api-2,GET,/api/test
0.004114866256713867,api-2,GET,/api/test
0.00525212287902832,api-2,GET,/api/test
0.006132841110229492,api-2,GET,/api/test
0.008638381958007812,api-2,GET,/api/test
0.005772829055786133,api-2,GET,/api/test
0.006546974182128906,api-2,GET,/api/test
0.0058209896087646484,api-2,GET,/api/test
0.007158994674682617,api-2,GET,/api/test
0.004967927932739258,api-2,GET,/api/test
0.0034329891204833984,api-2,GET,/api/test
0.003226041793823242,api-2,GET,/api/test
0.0033669471740722656,api-2,GET,/api/test
0.0037560462951660156,api-2,GET,/api/test
0.003445148468017578,api-2,GET,/api/test
0.003329038619995117,api-2,GET,/api/test
0.003554105758666992,api-2,GET,/api/test
0.0043430328369140625,api-2,GET,/api/test
0.003264188766479492,api-2,GET,/api/test
0.0036678314208984375,api-2,GET,/api/test
0.004279136657714844,api-2,GET,/api/test
0.003450155258178711,api-2,GET,/api/test
0.003329753875732422,api-2,GET,/api/test
0.0034339427947998047,api-2,GET,/api/test
0.003545999526977539,api-2,GET,/api/test
0.0035169124603271484,api-2,GET,/api/test
0.003580808639526367,api-2,GET,/api/test
0.005342960357666016,api-2,GET,/api/test
0.003526926040649414,api-2,GET,/api/test
0.005335092544555664,api-2,GET,/api/test
0.0032057762145996094,api-2,GET,/api/test
0.003381967544555664,api-2,GET,/api/test
0.003589153289794922,api-2,GET,/api/test
0.0034797191619873047,api-2,GET,/api/test
0.003445863723754883,api-2,GET,/api/test
0.003515005111694336,api-2,GET,/api/test
0.003945827484130859,api-2,GET,/api/test
0.003901958465576172,api-2,GET,/api/test
0.0037467479705810547,api-2,GET,/api/test
0.00409698486328125,api-2,GET,/api/test
0.003668069839477539,api-2,GET,/api/test
0.0038518905639648438,api-2,GET,/api/test
0.003946065902709961,api-2,GET,/api/test
0.0035789012908935547,api-2,GET,/api/test
0.0036318302154541016,api-2,GET,/api/test
0.0041043758392333984,api-2,GET,/api/test
0.00347900390625,api-2,GET,/api/test
0.003760814666748047,api-2,GET,/api/test
0.003930807113647461,api-2,GET,/api/test
0.0036590099334716797,api-2,GET,/api/test
0.003882884979248047,api-2,GET,/api/test
0.003381967544555664,api-2,GET,/api/test
0.005259990692138672,api-2,GET,/api/test
0.0033111572265625,api-2,GET,/api/test
0.0035152435302734375,api-2,GET,/api/test
0.00550389289855957,api-2,GET,/api/test
0.0038199424743652344,api-2,GET,/api/test
0.0036687850952148438,api-2,GET,/api/test
0.006447792053222656,api-2,GET,/api/test
0.0035011768341064453,api-2,GET,/api/test
0.003650188446044922,api-2,GET,/api/test
0.003880023956298828,api-2,GET,/api/test
0.0031321048736572266,api-2,GET,/api/test
0.0032808780670166016,api-2,GET,/api/test
0.003812074661254883,api-2,GET,/api/test
0.0034890174865722656,api-2,GET,/api/test
0.003229856491088867,api-2,GET,/api/test
0.0035049915313720703,api-2,GET,/api/test
0.004250764846801758,api-2,GET,/api/test
0.0038232803344726562,api-2,GET,/api/test
0.0040090084075927734,api-2,GET,/api/test
0.0034971237182617188,api-2,GET,/api/test
0.0033159255981445312,api-2,GET,/api/test
0.003759145736694336,api-2,GET,/api/test
0.003702878952026367,api-2,GET,/api/test
0.004135847091674805,api-2,GET,/api/test
0.003885984420776367,api-2,GET,/api/test
0.003663778305053711,api-2,GET,/api/test
0.0037567615509033203,api-2,GET,/api/test
0.003920078277587891,api-2,GET,/api/test
0.003818988800048828,api-2,GET,/api/test
0.003991842269897461,api-2,GET,/api/test
0.004568815231323242,api-2,GET,/api/test
0.004570960998535156,api-2,GET,/api/test
0.004205942153930664,api-2,GET,/api/test
0.0036787986755371094,api-2,GET,/api/test
0.003901958465576172,api-2,GET,/api/test
0.003509044647216797,api-2,GET,/api/test
0.0034210681915283203,api-2,GET,/api/test
0.003859996795654297,api-2,GET,/api/test
0.003974199295043945,api-2,GET,/api/test
0.0050470829010009766,api-2,GET,/api/test
0.00397491455078125,api-2,GET,/api/test
0.0045490264892578125,api-2,GET,/api/test
0.003840923309326172,api-2,GET,/api/test
0.0034139156341552734,api-2,GET,/api/test
0.0035309791564941406,api-2,GET,/api/test
0.004054069519042969,api-2,GET,/api/test
0.003916025161743164,api-2,GET,/api/test
0.00374603271484375,api-2,GET,/api/test
0.004017829895019531,api-2,GET,/api/test
0.0037560462951660156,api-2,GET,/api/test
0.0034618377685546875,api-2,GET,/api/test
0.004266977310180664,api-2,GET,/api/test
0.003674745559692383,api-2,GET,/api/test
0.0037572383880615234,api-2,GET,/api/test
0.003894805908203125,api-2,GET,/api/test
0.0034151077270507812,api-2,GET,/api/test
0.003673076629638672,api-2,GET,/api/test
0.0038938522338867188,api-2,GET,/api/test
0.0048198699951171875,api-2,GET,/api/test
0.0063097476959228516,api-2,GET,/api/test
0.004296779632568359,api-2,GET,/api/test
0.0038220882415771484,api-2,GET,/api/test
0.027240991592407227,api-2,GET,/api/test
0.004820823669433594,api-2,GET,/api/test
0.005365133285522461,api-2,GET,/api/test
0.006171226501464844,api-2,GET,/api/test
0.005304098129272461,api-2,GET,/api/test
0.004349946975708008,api-2,GET,/api/test
0.004817962646484375,api-2,GET,/api/test
0.0049970149993896484,api-2,GET,/api/test
0.005055904388427734,api-2,GET,/api/test
0.005625009536743164,api-2,GET,/api/test
0.004606962203979492,api-2,GET,/api/test
0.004579067230224609,api-2,GET,/api/test
0.004533052444458008,api-2,GET,/api/test
0.004848003387451172,api-2,GET,/api/test
0.004882097244262695,api-2,GET,/api/test
0.0076999664306640625,api-2,GET,/api/test
0.006502866744995117,api-2,GET,/api/test
0.004864931106567383,api-2,GET,/api/test
0.0058400630950927734,api-2,GET,/api/test
0.005616903305053711,api-2,GET,/api/test
0.004591941833496094,api-2,GET,/api/test
0.0055119991302490234,api-2,GET,/api/test
0.0040667057037353516,api-2,GET,/api/test
0.003964900970458984,api-2,GET,/api/test
0.00385284423828125,api-2,GET,/api/test
0.0051419734954833984,api-2,GET,/api/test
0.004189968109130859,api-2,GET,/api/test
0.004148006439208984,api-2,GET,/api/test
0.005208253860473633,api-2,GET,/api/test
0.004961729049682617,api-2,GET,/api/test
0.005800008773803711,api-2,GET,/api/test
0.0040493011474609375,api-2,GET,/api/test
0.006085872650146484,api-2,GET,/api/test
0.007003307342529297,api-2,GET,/api/test
0.007200956344604492,api-2,GET,/api/test
0.006716012954711914,api-2,GET,/api/test
0.010836124420166016,api-2,GET,/api/test
0.015436172485351562,api-2,GET,/api/test
0.005200862884521484,api-2,GET,/api/test
0.005074977874755859,api-2,GET,/api/test
0.0035779476165771484,api-2,GET,/api/test
0.0036590099334716797,api-2,GET,/api/test
0.003548860549926758,api-2,GET,/api/test
0.003962039947509766,api-2,GET,/api/test
0.004073143005371094,api-2,GET,/api/test
0.00391387939453125,api-2,GET,/api/test
0.003702878952026367,api-2,GET,/api/test
0.004235982894897461,api-2,GET,/api/test
0.003325939178466797,api-2,GET,/api/test
0.0036339759826660156,api-2,GET,/api/test
0.0033299922943115234,api-2,GET,/api/test
0.0036988258361816406,api-2,GET,/api/test
0.003882884979248047,api-2,GET,/api/test
0.003306865692138672,api-2,GET,/api/test
0.0038449764251708984,api-2,GET,/api/test
0.004887104034423828,api-2,GET,/api/test
0.005378007888793945,api-2,GET,/api/test
0.005774259567260742,api-2,GET,/api/test
0.0035238265991210938,api-2,GET,/api/test
0.0032770633697509766,api-2,GET,/api/test
0.003350973129272461,api-2,GET,/api/test
0.003076791763305664,api-2,GET,/api/test
0.003676891326904297,api-2,GET,/api/test
0.0033941268920898438,api-2,GET,/api/test
0.003228902816772461,api-2,GET,/api/test
0.0033121109008789062,api-2,GET,/api/test
0.0037796497344970703,api-2,GET,/api/test
0.0037958621978759766,api-2,GET,/api/test
0.0038340091705322266,api-2,GET,/api/test
0.003728151321411133,api-2,GET,/api/test
0.003874063491821289,api-2,GET,/api/test
0.003397226333618164,api-2,GET,/api/test
0.0034208297729492188,api-2,GET,/api/test
0.00386810302734375,api-2,GET,/api/test
0.004092216491699219,api-2,GET,/api/test
0.003590106964111328,api-2,GET,/api/test
0.0037031173706054688,api-2,GET,/api/test
0.0034029483795166016,api-2,GET,/api/test
0.003493070602416992,api-2,GET,/api/test
0.0036242008209228516,api-2,GET,/api/test
0.004060983657836914,api-2,GET,/api/test
0.003724813461303711,api-2,GET,/api/test
0.0037550926208496094,api-2,GET,/api/test
0.003114938735961914,api-2,GET,/api/test
0.004197120666503906,api-2,GET,/api/test
0.003434896469116211,api-2,GET,/api/test
0.0038797855377197266,api-2,GET,/api/test
0.0047969818115234375,api-2,GET,/api/test
0.003426074981689453,api-2,GET,/api/test
0.004297971725463867,api-2,GET,/api/test
0.0038068294525146484,api-2,GET,/api/test
0.0034837722778320312,api-2,GET,/api/test
0.0033080577850341797,api-2,GET,/api/test
0.003020048141479492,api-2,GET,/api/test
0.0031538009643554688,api-2,GET,/api/test
0.0035359859466552734,api-2,GET,/api/test
0.0041239261627197266,api-2,GET,/api/test
0.004079103469848633,api-2,GET,/api/test
0.0033550262451171875,api-2,GET,/api/test
0.003693103790283203,api-2,GET,/api/test
0.003717184066772461,api-2,GET,/api/test
0.004167795181274414,api-2,GET,/api/test
0.003747224807739258,api-2,GET,/api/test
0.0034439563751220703,api-2,GET,/api/test
0.0035729408264160156,api-2,GET,/api/test
0.0044307708740234375,api-2,GET,/api/test
0.005387067794799805,api-2,GET,/api/test
0.003996849060058594,api-2,GET,/api/test
0.004381895065307617,api-2,GET,/api/test
0.004058122634887695,api-2,GET,/api/test
0.003423929214477539,api-2,GET,/api/test
0.0030879974365234375,api-2,GET,/api/test
0.003928184509277344,api-2,GET,/api/test
0.003966331481933594,api-2,GET,/api/test
0.004255056381225586,api-2,GET,/api/test
0.003720998764038086,api-2,GET,/api/test
0.004042148590087891,api-2,GET,/api/test
0.0034580230712890625,api-2,GET,/api/test
0.0034160614013671875,api-2,GET,/api/test
0.004014730453491211,api-2,GET,/api/test
0.003256082534790039,api-2,GET,/api/test
0.0036971569061279297,api-2,GET,/api/test
0.003606081008911133,api-2,GET,/api/test
0.0037691593170166016,api-2,GET,/api/test
0.004014015197753906,api-2,GET,/api/test
0.004124879837036133,api-2,GET,/api/test
0.003554105758666992,api-2,GET,/api/test
0.003475189208984375,api-2,GET,/api/test
0.003229856491088867,api-2,GET,/api/test
0.004749774932861328,api-2,GET,/api/test
0.003498077392578125,api-2,GET,/api/test
0.003596067428588867,api-2,GET,/api/test
0.003347158432006836,api-2,GET,/api/test
0.0032770633697509766,api-2,GET,/api/test
0.0031752586364746094,api-2,GET,/api/test
0.004645109176635742,api-2,GET,/api/test
0.003507852554321289,api-2,GET,/api/test
0.004043102264404297,api-2,GET,/api/test
0.0031511783599853516,api-2,GET,/api/test
0.0037517547607421875,api-2,GET,/api/test
0.004348278045654297,api-2,GET,/api/test
0.0037109851837158203,api-2,GET,/api/test
0.0035331249237060547,api-2,GET,/api/test
0.00539708137512207,api-2,GET,/api/test
0.003614187240600586,api-2,GET,/api/test
0.005000114440917969,api-2,GET,/api/test
0.003480195999145508,api-2,GET,/api/test
0.00408172607421875,api-2,GET,/api/test
0.004016876220703125,api-2,GET,/api/test
0.0037980079650878906,api-2,GET,/api/test
0.0038161277770996094,api-2,GET,/api/test
0.0034439563751220703,api-2,GET,/api/test
0.0033838748931884766,api-2,GET,/api/test
0.004614114761352539,api-2,GET,/api/test
0.003776073455810547,api-2,GET,/api/test
0.003719806671142578,api-2,GET,/api/test
0.0038390159606933594,api-2,GET,/api/test
0.004362821578979492,api-2,GET,/api/test
0.005166053771972656,api-2,GET,/api/test
0.005535125732421875,api-2,GET,/api/test
0.0034291744232177734,api-2,GET,/api/test
0.0034313201904296875,api-2,GET,/api/test
0.0033309459686279297,api-2,GET,/api/test
0.0038421154022216797,api-2,GET,/api/test
0.00405573844909668,api-2,GET,/api/test
0.0038809776306152344,api-2,GET,/api/test
0.003392934799194336,api-2,GET,/api/test
0.003762960433959961,api-2,GET,/api/test
0.003392934799194336,api-2,GET,/api/test
0.003889799118041992,api-2,GET,/api/test
0.003587007522583008,api-2,GET,/api/test
0.004601955413818359,api-2,GET,/api/test
0.011180639266967773,api-2,GET,/api/test
0.011989116668701172,api-2,GET,/api/test
0.004415988922119141,api-2,GET,/api/test
0.004380702972412109,api-2,GET,/api/test
0.003958940505981445,api-2,GET,/api/test
0.004624843597412109,api-2,GET,/api/test
0.003802061080932617,api-2,GET,/api/test
0.0035619735717773438,api-2,GET,/api/test
0.0036458969116210938,api-2,GET,/api/test
0.0037779808044433594,api-2,GET,/api/test
0.0035550594329833984,api-2,GET,/api/test
0.004603147506713867,api-2,GET,/api/test
0.004731178283691406,api-2,GET,/api/test
0.0036962032318115234,api-2,GET,/api/test
0.003637075424194336,api-2,GET,/api/test
0.0035238265991210938,api-2,GET,/api/test
0.0034329891204833984,api-2,GET,/api/test
0.0036940574645996094,api-2,GET,/api/test
0.0037488937377929688,api-2,GET,/api/test
0.0047419071197509766,api-2,GET,/api/test
0.0035758018493652344,api-2,GET,/api/test
0.0036690235137939453,api-2,GET,/api/test
0.003377199172973633,api-2,GET,/api/test
0.0030851364135742188,api-2,GET,/api/test
0.003270864486694336,api-2,GET,/api/test
0.003690958023071289,api-2,GET,/api/test
0.0044841766357421875,api-2,GET,/api/test
0.004786252975463867,api-2,GET,/api/test
0.003551006317138672,api-2,GET,/api/test
0.004644870758056641,api-2,GET,/api/test
0.0036411285400390625,api-2,GET,/api/test
0.003297090530395508,api-2,GET,/api/test
0.003940105438232422,api-2,GET,/api/test
0.003597736358642578,api-2,GET,/api/test
0.003229379653930664,api-2,GET,/api/test
0.0035598278045654297,api-2,GET,/api/test
0.0040891170501708984,api-2,GET,/api/test
0.005141735076904297,api-2,GET,/api/test
0.05327105522155762,api-2,GET,/api/test
0.005532979965209961,api-1,GET,/api/test
0.005509138107299805,api-1,GET,/api/test
0.004395961761474609,api-1,GET,/api/test
0.006329059600830078,api-1,GET,/api/test
0.004384040832519531,api-1,GET,/api/test
0.004059314727783203,api-1,GET,/api/test
0.004709959030151367,api-1,GET,/api/test
0.004823207855224609,api-1,GET,/api/test
0.004261970520019531,api-1,GET,/api/test
0.0049593448638916016,api-1,GET,/api/test
0.005110979080200195,api-1,GET,/api/test
0.00509190559387207,api-1,GET,/api/test
0.005099058151245117,api-1,GET,/api/test
0.004553079605102539,api-1,GET,/api/test
0.00479888916015625,api-1,GET,/api/test
0.004538059234619141,api-1,GET,/api/test
0.0038018226623535156,api-1,GET,/api/test
0.0049321651458740234,api-1,GET,/api/test
0.003991127014160156,api-1,GET,/api/test
0.00638580322265625,api-1,GET,/api/test
0.003801107406616211,api-1,GET,/api/test
0.003730297088623047,api-1,GET,/api/test
0.0037839412689208984,api-1,GET,/api/test
0.004083871841430664,api-1,GET,/api/test
0.004502773284912109,api-1,GET,/api/test
0.004102945327758789,api-1,GET,/api/test
0.004113197326660156,api-1,GET,/api/test
0.0036001205444335938,api-1,GET,/api/test
0.004744052886962891,api-1,GET,/api/test
0.0038671493530273438,api-1,GET,/api/test
0.005940914154052734,api-1,GET,/api/test
0.004379749298095703,api-1,GET,/api/test
0.0044863224029541016,api-1,GET,/api/test
0.004683732986450195,api-1,GET,/api/test
0.004190921783447266,api-1,GET,/api/test
0.004585981369018555,api-1,GET,/api/test
0.003818035125732422,api-1,GET,/api/test
0.0035042762756347656,api-1,GET,/api/test
0.0037949085235595703,api-1,GET,/api/test
0.00572967529296875,api-1,GET,/api/test
0.004953145980834961,api-1,GET,/api/test
0.0049631595611572266,api-1,GET,/api/test
0.0038640499114990234,api-1,GET,/api/test
0.005220890045166016,api-1,GET,/api/test
0.005141735076904297,api-1,GET,/api/test
0.003857851028442383,api-1,GET,/api/test
0.0034601688385009766,api-1,GET,/api/test
0.0033369064331054688,api-1,GET,/api/test
0.0032677650451660156,api-1,GET,/api/test
0.00503993034362793,api-1,GET,/api/test
0.0038340091705322266,api-1,GET,/api/test
0.0035219192504882812,api-1,GET,/api/test
0.004857063293457031,api-1,GET,/api/test
0.003551959991455078,api-1,GET,/api/test
0.0039370059967041016,api-1,GET,/api/test
0.0034868717193603516,api-1,GET,/api/test
0.0035321712493896484,api-1,GET,/api/test
0.0036110877990722656,api-1,GET,/api/test
0.0032498836517333984,api-1,GET,/api/test
0.0036029815673828125,api-1,GET,/api/test
0.003159046173095703,api-1,GET,/api/test
0.003419160842895508,api-1,GET,/api/test
0.0032129287719726562,api-1,GET,/api/test
0.003392934799194336,api-1,GET,/api/test
0.003548860549926758,api-1,GET,/api/test
0.0038661956787109375,api-1,GET,/api/test
0.0031960010528564453,api-1,GET,/api/test
0.0032117366790771484,api-1,GET,/api/test
0.0033369064331054688,api-1,GET,/api/test
0.00391697883605957,api-1,GET,/api/test
0.0033690929412841797,api-1,GET,/api/test
0.0031800270080566406,api-1,GET,/api/test
0.0036139488220214844,api-1,GET,/api/test
0.004241228103637695,api-1,GET,/api/test
0.004981040954589844,api-1,GET,/api/test
0.004029989242553711,api-1,GET,/api/test
0.0037963390350341797,api-1,GET,/api/test
0.004323005676269531,api-1,GET,/api/test
0.004155874252319336,api-1,GET,/api/test
0.009753942489624023,api-1,GET,/api/test
0.004241943359375,api-1,GET,/api/test
0.00419926643371582,api-1,GET,/api/test
0.0033538341522216797,api-1,GET,/api/test
0.0035810470581054688,api-1,GET,/api/test
0.004515886306762695,api-1,GET,/api/test
0.004487037658691406,api-1,GET,/api/test
0.003690958023071289,api-1,GET,/api/test
0.0038280487060546875,api-1,GET,/api/test
0.004172086715698242,api-1,GET,/api/test
0.004310131072998047,api-1,GET,/api/test
0.004071950912475586,api-1,GET,/api/test
0.004235982894897461,api-1,GET,/api/test
0.0035560131072998047,api-1,GET,/api/test
0.0033979415893554688,api-1,GET,/api/test
0.0033059120178222656,api-1,GET,/api/test
0.0032608509063720703,api-1,GET,/api/test
0.003407001495361328,api-1,GET,/api/test
0.004713773727416992,api-1,GET,/api/test
0.003267049789428711,api-1,GET,/api/test
0.003103971481323242,api-1,GET,/api/test
0.003777742385864258,api-1,GET,/api/test
0.0038840770721435547,api-1,GET,/api/test
0.003881216049194336,api-1,GET,/api/test
0.003683805465698242,api-1,GET,/api/test
0.0035948753356933594,api-1,GET,/api/test
0.0044078826904296875,api-1,GET,/api/test
0.005609989166259766,api-1,GET,/api/test
0.00705718994140625,api-1,GET,/api/test
0.004271745681762695,api-1,GET,/api/test
0.0037832260131835938,api-1,GET,/api/test
0.003731966018676758,api-1,GET,/api/test
0.003901958465576172,api-1,GET,/api/test
0.0035829544067382812,api-1,GET,/api/test
0.003880023956298828,api-1,GET,/api/test
0.0034341812133789062,api-1,GET,/api/test
0.003720998764038086,api-1,GET,/api/test
0.0032851696014404297,api-1,GET,/api/test
0.0032291412353515625,api-1,GET,/api/test
0.0035991668701171875,api-1,GET,/api/test
0.00477910041809082,api-1,GET,/api/test
0.0033159255981445312,api-1,GET,/api/test
0.003665924072265625,api-1,GET,/api/test
0.003506898880004883,api-1,GET,/api/test
0.0035581588745117188,api-1,GET,/api/test
0.0033416748046875,api-1,GET,/api/test
0.003265857696533203,api-1,GET,/api/test
0.0033659934997558594,api-1,GET,/api/test
0.0035309791564941406,api-1,GET,/api/test
0.0039479732513427734,api-1,GET,/api/test
0.003815889358520508,api-1,GET,/api/test
0.0034542083740234375,api-1,GET,/api/test
0.0032498836517333984,api-1,GET,/api/test
0.0034019947052001953,api-1,GET,/api/test
0.0035572052001953125,api-1,GET,/api/test
0.003317117691040039,api-1,GET,/api/test
0.00391387939453125,api-1,GET,/api/test
0.0035293102264404297,api-1,GET,/api/test
0.005099058151245117,api-1,GET,/api/test
0.005154132843017578,api-1,GET,/api/test
0.0037779808044433594,api-1,GET,/api/test
0.0038690567016601562,api-1,GET,/api/test
0.00322723388671875,api-1,GET,/api/test
0.003155946731567383,api-1,GET,/api/test
0.004198789596557617,api-1,GET,/api/test
0.004197835922241211,api-1,GET,/api/test
0.003798961639404297,api-1,GET,/api/test
0.003330230712890625,api-1,GET,/api/test
0.003438234329223633,api-1,GET,/api/test
0.0033800601959228516,api-1,GET,/api/test
0.0035829544067382812,api-1,GET,/api/test
0.0034160614013671875,api-1,GET,/api/test
0.01112818717956543,api-2,GET,/api/account/isAuthenticated
0.6528229713439941,api-2,GET,/api/sessions/list
0.061249732971191406,api-2,GET,/api/sessions/list
0.120361328125,api-2,GET,/api/sessions/list
0.14141201972961426,api-2,GET,/api/sessions/list
0.21370315551757812,api-2,GET,/api/sessions/list
0.2835409641265869,api-2,GET,/api/sessions/list
0.2981135845184326,api-2,GET,/api/sessions/list
0.04060983657836914,api-2,GET,/api/sessions/list
0.03784799575805664,api-2,GET,/api/sessions/list
0.09636902809143066,api-2,GET,/api/sessions/list
0.04489922523498535,api-2,GET,/api/sessions/list
0.038873910903930664,api-2,GET,/api/sessions/list
0.06381511688232422,api-2,GET,/api/sessions/list
0.12005281448364258,api-2,GET,/api/sessions/list
0.17841100692749023,api-2,GET,/api/sessions/list
0.20035505294799805,api-2,GET,/api/sessions/list
0.26813411712646484,api-2,GET,/api/sessions/list
0.26281285285949707,api-2,GET,/api/sessions/list
0.04065108299255371,api-2,GET,/api/sessions/list
0.053312063217163086,api-2,GET,/api/sessions/list
0.11222600936889648,api-1,GET,/api/account/isAuthenticated
0.7168889045715332,api-1,GET,/api/sessions/list
0.039819955825805664,api-2,GET,/api/sessions/list
0.25002002716064453,api-2,GET,/api/sessions/list
0.04018092155456543,api-2,GET,/api/sessions/list
0.48848581314086914,api-3,GET,/api/sessions/list
0.04144573211669922,api-2,GET,/api/sessions/list
0.5101330280303955,api-4,GET,/api/sessions/list
0.08707594871520996,api-2,GET,/api/sessions/list
0.040487051010131836,api-2,GET,/api/sessions/list
0.13487911224365234,api-2,GET,/api/sessions/list
0.03994297981262207,api-2,GET,/api/sessions/list
0.18361377716064453,api-2,GET,/api/sessions/list
0.041252851486206055,api-2,GET,/api/sessions/list
0.21000218391418457,api-2,GET,/api/sessions/list
0.05075383186340332,api-2,GET,/api/sessions/list
0.27962541580200195,api-2,GET,/api/sessions/list
0.5192968845367432,api-2,GET,/api/sessions/list
0.32425880432128906,api-2,GET,/api/sessions/list
0.11090087890625,api-3,GET,/api/sessions/list
0.34233617782592773,api-2,GET,/api/sessions/list
0.1707441806793213,api-3,GET,/api/sessions/list
0.04452085494995117,api-2,GET,/api/sessions/list
0.23439908027648926,api-3,GET,/api/sessions/list
0.04732084274291992,api-2,GET,/api/sessions/list
0.26230406761169434,api-3,GET,/api/sessions/list
0.04315304756164551,api-2,GET,/api/sessions/list
0.295407772064209,api-3,GET,/api/sessions/list
0.05080080032348633,api-2,GET,/api/sessions/list
0.30836915969848633,api-3,GET,/api/sessions/list
0.08834600448608398,api-2,GET,/api/sessions/list
0.04693484306335449,api-3,GET,/api/sessions/list
0.14850378036499023,api-2,GET,/api/sessions/list
0.04061412811279297,api-3,GET,/api/sessions/list
0.1909959316253662,api-2,GET,/api/sessions/list
0.03886699676513672,api-3,GET,/api/sessions/list
0.2427539825439453,api-2,GET,/api/sessions/list
0.04424905776977539,api-3,GET,/api/sessions/list
0.2864971160888672,api-2,GET,/api/sessions/list
0.06653904914855957,api-3,GET,/api/sessions/list
0.015007972717285156,api-3,GET,/api/account/isAuthenticated
0.3069162368774414,api-2,GET,/api/sessions/list
0.17123198509216309,api-3,GET,/api/sessions/list
0.03753399848937988,api-2,GET,/api/sessions/list
0.04507112503051758,api-2,GET,/api/sessions/list
0.011105060577392578,api-2,GET,/api/account/isAuthenticated
0.03997063636779785,api-2,GET,/api/sessions/list
0.03811907768249512,api-2,GET,/api/sessions/list
0.05655789375305176,api-2,GET,/api/sessions/list
0.10932469367980957,api-2,GET,/api/sessions/list
0.15650200843811035,api-2,GET,/api/sessions/list
0.2044990062713623,api-2,GET,/api/sessions/list
0.25630998611450195,api-2,GET,/api/sessions/list
0.3110651969909668,api-2,GET,/api/sessions/list
0.31592392921447754,api-2,GET,/api/sessions/list
0.03894686698913574,api-2,GET,/api/sessions/list
0.04354500770568848,api-2,GET,/api/sessions/list
0.0447840690612793,api-2,GET,/api/sessions/list
0.10640597343444824,api-2,POST,/api/account/signup
0.29526400566101074,api-2,GET,/api/sessions/list
0.01566314697265625,api-3,GET,/api/account/isAuthenticated
0.11452913284301758,api-2,GET,/api/sessions/list
0.07903289794921875,api-2,GET,/api/sessions/list
0.22753214836120605,api-2,GET,/api/sessions/list
0.27793097496032715,api-2,GET,/api/sessions/list
0.2771646976470947,api-2,GET,/api/sessions/list
0.17191720008850098,api-2,GET,/api/sessions/list
0.21967387199401855,api-2,GET,/api/sessions/list
0.3249509334564209,api-2,GET,/api/sessions/list
0.04183816909790039,api-2,GET,/api/sessions/list
0.26415085792541504,api-2,GET,/api/sessions/list
0.03981804847717285,api-2,GET,/api/sessions/list
0.31847095489501953,api-2,GET,/api/sessions/list
0.0406341552734375,api-2,GET,/api/sessions/list
0.04485583305358887,api-2,GET,/api/sessions/list
0.04589200019836426,api-2,GET,/api/sessions/list
0.03794503211975098,api-2,GET,/api/sessions/list
0.04149508476257324,api-2,GET,/api/sessions/list
0.039893150329589844,api-2,GET,/api/sessions/list
0.09398770332336426,api-2,GET,/api/sessions/list
0.037847042083740234,api-2,GET,/api/sessions/list
0.14425396919250488,api-2,GET,/api/sessions/list
0.03944706916809082,api-2,GET,/api/sessions/list
0.1803419589996338,api-2,GET,/api/sessions/list
0.04006004333496094,api-2,GET,/api/sessions/list
0.24339795112609863,api-2,GET,/api/sessions/list
0.13779258728027344,api-2,GET,/api/sessions/list
0.2868168354034424,api-2,GET,/api/sessions/list
0.18230509757995605,api-2,GET,/api/sessions/list
0.29856300354003906,api-2,GET,/api/sessions/list
0.23354697227478027,api-2,GET,/api/sessions/list
0.038019657135009766,api-2,GET,/api/sessions/list
0.29195499420166016,api-2,GET,/api/sessions/list
0.0403590202331543,api-2,GET,/api/sessions/list
0.29399704933166504,api-2,GET,/api/sessions/list
0.03834176063537598,api-2,GET,/api/sessions/list
0.04024076461791992,api-2,GET,/api/sessions/list
0.04521012306213379,api-2,GET,/api/sessions/list
0.03836417198181152,api-2,GET,/api/sessions/list
0.04732704162597656,api-2,GET,/api/sessions/list
0.03856921195983887,api-2,GET,/api/sessions/list
0.09766221046447754,api-2,GET,/api/sessions/list
0.04159688949584961,api-2,GET,/api/sessions/list
0.1497340202331543,api-2,GET,/api/sessions/list
0.04738926887512207,api-2,GET,/api/sessions/list
0.1899099349975586,api-2,GET,/api/sessions/list
0.07988691329956055,api-2,GET,/api/sessions/list
0.14640307426452637,api-2,GET,/api/sessions/list
0.24462318420410156,api-2,GET,/api/sessions/list
0.2894160747528076,api-2,GET,/api/sessions/list
0.19461703300476074,api-2,GET,/api/sessions/list
0.04712390899658203,api-2,POST,/api/sessions/allocate
0.005399942398071289,api-2,GET,/api/account/isAuthenticated
0.3243260383605957,api-2,GET,/api/sessions/list
0.26618123054504395,api-2,GET,/api/sessions/get
0.043723106384277344,api-2,GET,/api/sessions/list
0.04013371467590332,api-2,GET,/api/sessions/list
0.038578033447265625,api-2,GET,/api/sessions/list
0.053407907485961914,api-2,GET,/api/sessions/list
0.006273031234741211,api-3,GET,/api/account/isAuthenticated
0.05171489715576172,api-3,GET,/api/sessions/get
0.00785517692565918,api-3,GET,/api/account/isAuthenticated
0.2645859718322754,api-2,GET,/api/sessions/get
0.17604827880859375,api-3,POST,/api/sessions/delete
0.10327982902526855,api-3,POST,/api/sessions/migrate
0.06839108467102051,api-2,POST,/api/sessions/delete
0.08714532852172852,api-2,POST,/api/sessions/migrate
0.012697219848632812,api-3,GET,/api/account/isAuthenticated
0.22374296188354492,api-2,GET,/api/sessions/list
0.017067909240722656,api-2,GET,/api/account/isAuthenticated
0.19812297821044922,api-2,POST,/api/account/signup
0.007192134857177734,api-3,GET,/api/account/isAuthenticated
0.1723499298095703,api-3,GET,/api/sessions/list
0.27590084075927734,api-3,GET,/api/sessions/list
0.29486894607543945,api-3,GET,/api/sessions/list
0.04499506950378418,api-3,GET,/api/sessions/list
0.04296994209289551,api-3,GET,/api/sessions/list
0.0387578010559082,api-3,GET,/api/sessions/list
0.04422807693481445,api-3,GET,/api/sessions/list
0.04414510726928711,api-3,GET,/api/sessions/list
0.09435391426086426,api-3,GET,/api/sessions/list
0.13772797584533691,api-3,GET,/api/sessions/list
0.1954340934753418,api-3,GET,/api/sessions/list
0.007045269012451172,api-2,GET,/api/account/isAuthenticated
0.28553080558776855,api-3,GET,/api/sessions/get
0.012187719345092773,api-3,GET,/api/account/isAuthenticated
0.3264479637145996,api-2,GET,/api/sessions/list
0.042780160903930664,api-3,GET,/api/sessions/list
0.00871419906616211,api-3,GET,/api/account/isAuthenticated
0.1052711009979248,api-3,GET,/api/sessions/get
0.007536888122558594,api-3,GET,/api/account/isAuthenticated
0.055181026458740234,api-3,GET,/api/sessions/list
0.1383202075958252,api-3,GET,/api/sessions/list
0.007179975509643555,api-2,GET,/api/account/isAuthenticated
0.18596100807189941,api-3,GET,/api/sessions/get
0.018693923950195312,api-1,GET,/api/account/isAuthenticated
0.2545762062072754,api-1,GET,/api/sessions/list
0.04279613494873047,api-1,GET,/api/sessions/list
0.0389251708984375,api-1,GET,/api/sessions/list
0.04261922836303711,api-1,GET,/api/sessions/list
0.03933119773864746,api-1,GET,/api/sessions/list
0.040995121002197266,api-1,GET,/api/sessions/list
0.04273390769958496,api-1,GET,/api/sessions/list
0.0498356819152832,api-1,GET,/api/sessions/list
0.03968000411987305,api-1,GET,/api/sessions/list
0.2760000228881836,api-1,GET,/api/sessions/list
0.2760608196258545,api-1,GET,/api/sessions/list
0.04367709159851074,api-1,GET,/api/sessions/list
0.03851914405822754,api-1,GET,/api/sessions/list
0.17407679557800293,api-1,GET,/api/sessions/list
0.21515631675720215,api-1,GET,/api/sessions/list
0.11128902435302734,api-1,GET,/api/sessions/list
0.15209579467773438,api-1,GET,/api/sessions/list
0.1983652114868164,api-1,GET,/api/sessions/list
0.21167898178100586,api-1,GET,/api/sessions/list
0.30206894874572754,api-1,GET,/api/sessions/list
0.33145976066589355,api-1,GET,/api/sessions/list
0.05457305908203125,api-1,GET,/api/sessions/list
0.04745602607727051,api-1,GET,/api/sessions/list
0.04627108573913574,api-1,GET,/api/sessions/list
0.04505324363708496,api-1,GET,/api/sessions/list
0.07274699211120605,api-1,GET,/api/sessions/list
0.12168407440185547,api-1,GET,/api/sessions/list
0.159804105758667,api-1,GET,/api/sessions/list
0.28006482124328613,api-1,GET,/api/sessions/list
0.3016660213470459,api-1,GET,/api/sessions/list
0.04129791259765625,api-1,GET,/api/sessions/list
0.038938045501708984,api-1,GET,/api/sessions/list
0.04532885551452637,api-1,GET,/api/sessions/list
0.04246091842651367,api-1,GET,/api/sessions/list
0.05295419692993164,api-1,GET,/api/sessions/list
0.10663104057312012,api-1,GET,/api/sessions/list
0.14997291564941406,api-1,GET,/api/sessions/list
0.19893717765808105,api-1,GET,/api/sessions/list
0.2673768997192383,api-1,GET,/api/sessions/list
0.4217369556427002,api-1,GET,/api/sessions/list
0.0405879020690918,api-1,GET,/api/sessions/list
0.049514055252075195,api-1,GET,/api/sessions/list
0.038732051849365234,api-1,GET,/api/sessions/list
0.040743112564086914,api-1,GET,/api/sessions/list
0.039139747619628906,api-1,GET,/api/sessions/list
0.13122010231018066,api-1,GET,/api/sessions/list
0.17885518074035645,api-1,GET,/api/sessions/list
0.22765398025512695,api-1,GET,/api/sessions/list
0.26033687591552734,api-1,GET,/api/sessions/list
0.3253171443939209,api-1,GET,/api/sessions/list
0.03858304023742676,api-1,GET,/api/sessions/list
0.04591989517211914,api-1,GET,/api/sessions/list
0.04306602478027344,api-1,GET,/api/sessions/list
0.048761844635009766,api-1,GET,/api/sessions/list
0.05206894874572754,api-1,GET,/api/sessions/list
0.09766578674316406,api-1,GET,/api/sessions/list
0.14917588233947754,api-1,GET,/api/sessions/list
0.19070005416870117,api-1,GET,/api/sessions/list
0.24119830131530762,api-1,GET,/api/sessions/list
0.2891867160797119,api-1,GET,/api/sessions/list
0.30647706985473633,api-1,GET,/api/sessions/list
0.0428929328918457,api-1,GET,/api/sessions/list
0.040689945220947266,api-1,GET,/api/sessions/list
0.04073190689086914,api-1,GET,/api/sessions/list
0.03776907920837402,api-1,GET,/api/sessions/list
0.04197287559509277,api-1,GET,/api/sessions/list
0.038182735443115234,api-1,GET,/api/sessions/list
0.15700697898864746,api-1,GET,/api/sessions/list
0.21663522720336914,api-1,GET,/api/sessions/list
0.044751882553100586,api-1,GET,/api/sessions/list
0.0388641357421875,api-1,GET,/api/sessions/list
0.06726312637329102,api-1,GET,/api/sessions/list
0.03878903388977051,api-1,GET,/api/sessions/list
0.03890204429626465,api-1,GET,/api/sessions/list
0.037529706954956055,api-1,GET,/api/sessions/list
0.08540105819702148,api-1,GET,/api/sessions/list
0.13045310974121094,api-1,GET,/api/sessions/list
0.18045711517333984,api-1,GET,/api/sessions/list
0.19267797470092773,api-1,GET,/api/sessions/list
0.2799491882324219,api-1,GET,/api/sessions/list
0.3242912292480469,api-1,GET,/api/sessions/list
0.038787126541137695,api-1,GET,/api/sessions/list
0.050486087799072266,api-1,GET,/api/sessions/list
0.03872799873352051,api-1,GET,/api/sessions/list
0.04490804672241211,api-1,GET,/api/sessions/list
0.04426693916320801,api-1,GET,/api/sessions/list
0.09459185600280762,api-1,GET,/api/sessions/list
0.14423203468322754,api-1,GET,/api/sessions/list
0.18978595733642578,api-1,GET,/api/sessions/list
0.23885011672973633,api-1,GET,/api/sessions/list
0.28974485397338867,api-1,GET,/api/sessions/list
0.30234789848327637,api-1,GET,/api/sessions/list
0.045805931091308594,api-1,GET,/api/sessions/list
0.03994107246398926,api-1,GET,/api/sessions/list
0.046508073806762695,api-1,GET,/api/sessions/list
0.043248891830444336,api-1,GET,/api/sessions/list
0.18439984321594238,api-1,GET,/api/sessions/list
0.2309401035308838,api-1,GET,/api/sessions/list
0.28552699089050293,api-1,GET,/api/sessions/list
0.03987002372741699,api-1,GET,/api/sessions/list
0.04923677444458008,api-1,GET,/api/sessions/list
0.15284514427185059,api-1,GET,/api/sessions/list
0.11285185813903809,api-1,GET,/api/sessions/list
0.05169987678527832,api-1,GET,/api/sessions/list
0.039093017578125,api-1,GET,/api/sessions/list
0.04103207588195801,api-1,GET,/api/sessions/list
0.32494306564331055,api-1,GET,/api/sessions/list
0.03922295570373535,api-1,GET,/api/sessions/list
0.04889082908630371,api-1,GET,/api/sessions/list
0.07750511169433594,api-1,GET,/api/sessions/list
0.12816214561462402,api-1,GET,/api/sessions/list
0.1767740249633789,api-1,GET,/api/sessions/list
0.21799826622009277,api-1,GET,/api/sessions/list
0.2754397392272949,api-1,GET,/api/sessions/list
0.32512998580932617,api-1,GET,/api/sessions/list
0.04012894630432129,api-1,GET,/api/sessions/list
0.05372118949890137,api-1,GET,/api/sessions/list
0.03823995590209961,api-1,GET,/api/sessions/list
0.04769706726074219,api-1,GET,/api/sessions/list
0.04666018486022949,api-1,GET,/api/sessions/list
0.08820509910583496,api-1,GET,/api/sessions/list
0.14498090744018555,api-1,GET,/api/sessions/list
0.18986225128173828,api-1,GET,/api/sessions/list
0.23193097114562988,api-1,GET,/api/sessions/list
0.2835681438446045,api-1,GET,/api/sessions/list
0.3011298179626465,api-1,GET,/api/sessions/list
0.03997087478637695,api-1,GET,/api/sessions/list
0.03959202766418457,api-1,GET,/api/sessions/list
0.03924298286437988,api-1,GET,/api/sessions/list
0.13795900344848633,api-1,GET,/api/sessions/list
0.06255221366882324,api-1,GET,/api/sessions/list
0.048013925552368164,api-1,GET,/api/sessions/list
0.03872084617614746,api-1,GET,/api/sessions/list
0.11148595809936523,api-1,GET,/api/sessions/list
0.06907081604003906,api-1,GET,/api/sessions/list
0.04044485092163086,api-1,GET,/api/sessions/list
0.038350820541381836,api-1,GET,/api/sessions/list
0.04077005386352539,api-1,GET,/api/sessions/list
0.04978609085083008,api-1,GET,/api/sessions/list
0.06175398826599121,api-1,GET,/api/sessions/list
0.26015472412109375,api-1,GET,/api/sessions/list
0.1681818962097168,api-1,GET,/api/sessions/list
0.1555037498474121,api-1,GET,/api/sessions/list
0.30943894386291504,api-1,GET,/api/sessions/list
0.21611785888671875,api-1,GET,/api/sessions/list
0.03839278221130371,api-1,GET,/api/sessions/list
0.10096192359924316,api-1,GET,/api/sessions/list
0.017336130142211914,api-1,GET,/api/account/isAuthenticated
0.1601710319519043,api-1,GET,/api/sessions/list
1.3647212982177734,api-1,GET,/api/sessions/list
0.4551701545715332,api-1,GET,/api/sessions/list
0.04577517509460449,api-1,GET,/api/sessions/list
0.04543709754943848,api-1,GET,/api/sessions/list
0.0478367805480957,api-1,GET,/api/sessions/list
0.040587663650512695,api-1,GET,/api/sessions/list
0.03990292549133301,api-1,GET,/api/sessions/list
0.04444098472595215,api-1,GET,/api/sessions/list
0.039031028747558594,api-1,GET,/api/sessions/list
0.041007041931152344,api-1,GET,/api/sessions/list
0.04291892051696777,api-1,GET,/api/sessions/list
0.05424308776855469,api-1,GET,/api/sessions/list
0.0440068244934082,api-1,GET,/api/sessions/list
0.07404112815856934,api-1,GET,/api/sessions/list
0.03993391990661621,api-1,GET,/api/sessions/list
0.050325870513916016,api-1,POST,/api/sessions/allocate
0.05694174766540527,api-1,GET,/api/sessions/list
0.0416567325592041,api-1,GET,/api/sessions/list
0.04125094413757324,api-1,GET,/api/sessions/list
0.006042003631591797,api-1,GET,/api/account/isAuthenticated
0.045065879821777344,api-1,GET,/api/sessions/get
0.038247108459472656,api-1,GET,/api/sessions/list
0.04107403755187988,api-1,GET,/api/sessions/list
0.03889203071594238,api-1,GET,/api/sessions/list
0.04000997543334961,api-1,GET,/api/sessions/list
0.04031705856323242,api-1,GET,/api/sessions/list
0.03995537757873535,api-1,GET,/api/sessions/list
0.041526079177856445,api-1,GET,/api/sessions/list
0.04242897033691406,api-1,GET,/api/sessions/list
0.04024219512939453,api-1,GET,/api/sessions/list
0.0394129753112793,api-1,GET,/api/sessions/list
0.04283499717712402,api-1,GET,/api/sessions/list
0.008462190628051758,api-1,GET,/api/account/isAuthenticated
0.04704618453979492,api-1,GET,/api/sessions/get
0.08208608627319336,api-1,POST,/api/sessions/delete
0.040730953216552734,api-1,POST,/api/sessions/migrate
0.04448199272155762,api-1,POST,/api/sessions/delete
0.05266976356506348,api-1,POST,/api/sessions/migrate
0.015238285064697266,api-1,GET,/api/account/isAuthenticated
0.05337119102478027,api-1,GET,/api/sessions/list
0.03945589065551758,api-1,GET,/api/sessions/list
0.04099416732788086,api-1,GET,/api/sessions/list
0.04000115394592285,api-1,GET,/api/sessions/list
0.03840017318725586,api-1,GET,/api/sessions/list
0.03890490531921387,api-1,GET,/api/sessions/list
0.04017305374145508,api-1,GET,/api/sessions/list
0.03833794593811035,api-1,GET,/api/sessions/list
0.03775978088378906,api-1,GET,/api/sessions/list
0.04024815559387207,api-1,GET,/api/sessions/list
0.03874707221984863,api-1,GET,/api/sessions/list
0.03835797309875488,api-1,GET,/api/sessions/list
0.0387721061706543,api-1,GET,/api/sessions/list
0.038007259368896484,api-1,GET,/api/sessions/list
0.03958415985107422,api-1,GET,/api/sessions/list
0.03877401351928711,api-1,GET,/api/sessions/list
0.04078984260559082,api-1,GET,/api/sessions/list
0.03860664367675781,api-1,GET,/api/sessions/list
0.04366707801818848,api-1,GET,/api/sessions/list
0.03856396675109863,api-1,GET,/api/sessions/list
0.040457963943481445,api-1,GET,/api/sessions/list
0.03878903388977051,api-1,GET,/api/sessions/list
0.04011821746826172,api-1,GET,/api/sessions/list
0.04239511489868164,api-1,GET,/api/sessions/list
0.03925919532775879,api-1,GET,/api/sessions/list
0.04000711441040039,api-1,GET,/api/sessions/list
0.039563894271850586,api-1,GET,/api/sessions/list
0.03811001777648926,api-1,GET,/api/sessions/list
0.4339582920074463,api-1,GET,/api/sessions/list
0.03950786590576172,api-1,GET,/api/sessions/list
0.03916311264038086,api-1,GET,/api/sessions/list
0.03788423538208008,api-1,GET,/api/sessions/list
0.038382768630981445,api-1,GET,/api/sessions/list
0.03973698616027832,api-1,GET,/api/sessions/list
0.04215598106384277,api-1,GET,/api/sessions/list
0.04448509216308594,api-1,GET,/api/sessions/list
0.043684959411621094,api-1,GET,/api/sessions/list
0.0422210693359375,api-1,GET,/api/sessions/list
0.04350590705871582,api-1,GET,/api/sessions/list
0.043982744216918945,api-1,GET,/api/sessions/list
0.03987407684326172,api-1,GET,/api/sessions/list
0.03966403007507324,api-1,GET,/api/sessions/list
0.038349151611328125,api-1,GET,/api/sessions/list
0.0387578010559082,api-1,GET,/api/sessions/list
0.0409090518951416,api-1,GET,/api/sessions/list
0.0455479621887207,api-1,GET,/api/sessions/list
0.04884076118469238,api-1,GET,/api/sessions/list
0.03789687156677246,api-1,GET,/api/sessions/list
0.04065704345703125,api-1,GET,/api/sessions/list
0.03983783721923828,api-1,GET,/api/sessions/list
0.03762984275817871,api-1,GET,/api/sessions/list
0.04354691505432129,api-1,GET,/api/sessions/list
0.039885759353637695,api-1,GET,/api/sessions/list
0.05047297477722168,api-1,GET,/api/sessions/list
0.03915691375732422,api-1,GET,/api/sessions/list
0.04552912712097168,api-1,GET,/api/sessions/list
0.046418190002441406,api-1,GET,/api/sessions/list
0.038751840591430664,api-1,GET,/api/sessions/list
0.039926767349243164,api-1,GET,/api/sessions/list
0.03844308853149414,api-1,GET,/api/sessions/list
0.03998899459838867,api-1,GET,/api/sessions/list
0.04051089286804199,api-1,GET,/api/sessions/list
0.040376901626586914,api-1,GET,/api/sessions/list
0.038912057876586914,api-1,GET,/api/sessions/list
0.03986668586730957,api-1,GET,/api/sessions/list
0.03935837745666504,api-1,GET,/api/sessions/list
0.03861284255981445,api-1,GET,/api/sessions/list
0.03787994384765625,api-1,GET,/api/sessions/list
0.04700589179992676,api-1,GET,/api/sessions/list
0.0386660099029541,api-1,GET,/api/sessions/list
0.04193425178527832,api-1,GET,/api/sessions/list
0.04086565971374512,api-1,GET,/api/sessions/list
0.04113912582397461,api-1,GET,/api/sessions/list
0.04027819633483887,api-1,GET,/api/sessions/list
0.042682647705078125,api-1,GET,/api/sessions/list
0.0405268669128418,api-1,GET,/api/sessions/list
0.17469477653503418,api-1,GET,/api/sessions/list
0.03921198844909668,api-1,GET,/api/sessions/list
0.04289603233337402,api-1,GET,/api/sessions/list
0.10433816909790039,api-1,GET,/api/sessions/list
0.041259050369262695,api-1,GET,/api/sessions/list
0.04411792755126953,api-1,GET,/api/sessions/list
0.04333996772766113,api-1,GET,/api/sessions/list
0.047652244567871094,api-1,GET,/api/sessions/list
0.0386509895324707,api-1,GET,/api/sessions/list
0.038436174392700195,api-1,GET,/api/sessions/list
0.043788909912109375,api-1,GET,/api/sessions/list
0.0396270751953125,api-1,GET,/api/sessions/list
0.04373288154602051,api-1,GET,/api/sessions/list
0.0404510498046875,api-1,GET,/api/sessions/list
0.03766608238220215,api-1,GET,/api/sessions/list
0.03908729553222656,api-1,GET,/api/sessions/list
0.04107522964477539,api-1,GET,/api/sessions/list
0.041407108306884766,api-1,GET,/api/sessions/list
0.038823843002319336,api-1,GET,/api/sessions/list
0.037999868392944336,api-1,GET,/api/sessions/list
0.04098200798034668,api-1,GET,/api/sessions/list
0.04060220718383789,api-1,GET,/api/sessions/list
0.038655996322631836,api-1,GET,/api/sessions/list
0.04010295867919922,api-1,GET,/api/sessions/list
0.04138994216918945,api-1,GET,/api/sessions/list
0.03776097297668457,api-1,GET,/api/sessions/list
0.09605026245117188,api-1,GET,/api/sessions/list
0.04020237922668457,api-1,GET,/api/sessions/list
0.038500070571899414,api-1,GET,/api/sessions/list
0.03876209259033203,api-1,GET,/api/sessions/list
0.039346933364868164,api-1,GET,/api/sessions/list
0.04046797752380371,api-1,GET,/api/sessions/list
0.04098773002624512,api-1,GET,/api/sessions/list
0.3921847343444824,api-2,GET,/api/sessions/list
0.04251861572265625,api-2,GET,/api/sessions/list
0.24904513359069824,api-3,GET,/api/sessions/list
0.04210686683654785,api-3,GET,/api/sessions/list
0.24856996536254883,api-4,GET,/api/sessions/list
0.03862929344177246,api-4,GET,/api/sessions/list
0.233809232711792,api-1,GET,/api/sessions/list
0.04773902893066406,api-1,GET,/api/sessions/list
0.04388093948364258,api-1,GET,/api/sessions/list
0.04072880744934082,api-1,GET,/api/sessions/list
0.013777971267700195,api-1,GET,/api/account/isAuthenticated
0.03898501396179199,api-1,GET,/api/sessions/list
0.043357133865356445,api-1,GET,/api/sessions/list
0.040886640548706055,api-1,GET,/api/sessions/list
0.03974127769470215,api-1,GET,/api/sessions/list
0.0430598258972168,api-1,GET,/api/sessions/list
0.04063725471496582,api-1,GET,/api/sessions/list
0.038874149322509766,api-1,GET,/api/sessions/list
0.04080510139465332,api-1,GET,/api/sessions/list
0.040099143981933594,api-1,GET,/api/sessions/list
0.0448765754699707,api-1,GET,/api/sessions/list
0.05973696708679199,api-1,POST,/api/sessions/allocate
0.04186105728149414,api-1,GET,/api/sessions/list
0.03914999961853027,api-1,GET,/api/sessions/get
0.005583047866821289,api-1,GET,/api/account/isAuthenticated
0.042093753814697266,api-1,GET,/api/sessions/list
0.041010141372680664,api-1,GET,/api/sessions/list
0.042578935623168945,api-1,GET,/api/sessions/list
0.04312300682067871,api-1,GET,/api/sessions/list
0.0038230419158935547,api-1,GET,/api/account/isAuthenticated
0.040342092514038086,api-1,GET,/api/sessions/get
0.08250069618225098,api-1,POST,/api/sessions/delete
0.04333209991455078,api-1,POST,/api/sessions/delete
0.04600787162780762,api-1,POST,/api/sessions/migrate
0.039711952209472656,api-1,POST,/api/sessions/migrate
0.021373987197875977,api-3,GET,/api/account/isAuthenticated
0.2701680660247803,api-3,GET,/api/sessions/list
0.04232597351074219,api-3,GET,/api/sessions/list
0.04601097106933594,api-3,GET,/api/sessions/list
0.03903508186340332,api-3,GET,/api/sessions/list
0.04841494560241699,api-3,GET,/api/sessions/list
0.04547595977783203,api-3,GET,/api/sessions/list
0.005753040313720703,api-3,GET,/api/account/isAuthenticated
0.04014301300048828,api-3,GET,/api/sessions/list
0.039927005767822266,api-3,GET,/api/sessions/list
0.039798736572265625,api-3,GET,/api/sessions/list
0.03993391990661621,api-3,GET,/api/sessions/list
0.03768610954284668,api-3,GET,/api/sessions/list
0.04316115379333496,api-3,GET,/api/sessions/list
0.038488149642944336,api-3,GET,/api/sessions/list
0.04858517646789551,api-3,GET,/api/sessions/list
0.041307926177978516,api-3,GET,/api/sessions/list
0.04132080078125,api-3,GET,/api/sessions/list
0.23218417167663574,api-1,GET,/api/sessions/list
0.038047075271606445,api-1,GET,/api/sessions/list
0.04380607604980469,api-1,GET,/api/sessions/list
0.03943777084350586,api-1,GET,/api/sessions/list
0.03976321220397949,api-1,GET,/api/sessions/list
0.03778386116027832,api-1,GET,/api/sessions/list
0.04009199142456055,api-1,GET,/api/sessions/list
0.03867602348327637,api-1,GET,/api/sessions/list
0.04604911804199219,api-1,GET,/api/sessions/list
0.041490793228149414,api-1,GET,/api/sessions/list
0.04007101058959961,api-1,GET,/api/sessions/list
0.23143887519836426,api-4,GET,/api/sessions/list
0.036715030670166016,api-4,GET,/api/sessions/list
0.03803610801696777,api-4,GET,/api/sessions/list
0.0444948673248291,api-4,GET,/api/sessions/list
0.05192279815673828,api-4,GET,/api/sessions/list
0.038661956787109375,api-4,GET,/api/sessions/list
0.045269012451171875,api-4,GET,/api/sessions/list
0.0407259464263916,api-4,GET,/api/sessions/list
0.039736032485961914,api-4,GET,/api/sessions/list
0.042572021484375,api-4,GET,/api/sessions/list
0.04368877410888672,api-4,GET,/api/sessions/list
0.04367423057556152,api-4,GET,/api/sessions/list
0.03825211524963379,api-4,GET,/api/sessions/list
0.040596961975097656,api-4,GET,/api/sessions/list
0.04182934761047363,api-4,GET,/api/sessions/list
0.04980874061584473,api-4,GET,/api/sessions/list
0.049759864807128906,api-4,POST,/api/sessions/allocate
0.0058519840240478516,api-4,GET,/api/account/isAuthenticated
0.0398859977722168,api-4,GET,/api/sessions/get
0.03898906707763672,api-4,GET,/api/sessions/list
0.042343854904174805,api-4,GET,/api/sessions/list
0.039114952087402344,api-4,GET,/api/sessions/list
0.037513017654418945,api-4,GET,/api/sessions/list
0.004693031311035156,api-4,GET,/api/account/isAuthenticated
0.045915842056274414,api-4,GET,/api/sessions/get
0.08415007591247559,api-4,POST,/api/sessions/delete
0.04421496391296387,api-4,POST,/api/sessions/migrate
0.0418548583984375,api-4,POST,/api/sessions/delete
0.048796892166137695,api-4,POST,/api/sessions/migrate
0.01776599884033203,api-1,GET,/api/account/isAuthenticated
0.24609827995300293,api-1,GET,/api/sessions/list
0.11395478248596191,api-1,GET,/api/sessions/list
0.04730105400085449,api-1,GET,/api/sessions/list
0.04471015930175781,api-1,GET,/api/sessions/list
0.03865313529968262,api-1,GET,/api/sessions/list
0.039978981018066406,api-1,GET,/api/sessions/list
0.004431962966918945,api-1,GET,/api/account/isAuthenticated
0.07199692726135254,api-1,GET,/api/sessions/list
0.22221088409423828,api-1,GET,/api/sessions/list
0.04408001899719238,api-1,GET,/api/sessions/list
0.03946399688720703,api-1,GET,/api/sessions/list
0.038871049880981445,api-1,GET,/api/sessions/list
0.03985023498535156,api-1,GET,/api/sessions/list
0.03913617134094238,api-1,GET,/api/sessions/list
0.038648128509521484,api-1,GET,/api/sessions/list
0.264085054397583,api-4,GET,/api/sessions/list
0.25632381439208984,api-4,GET,/api/sessions/list
0.042552947998046875,api-4,GET,/api/sessions/list
0.041335105895996094,api-4,GET,/api/sessions/list
0.03703570365905762,api-4,GET,/api/sessions/list
0.03897905349731445,api-4,GET,/api/sessions/list
0.045950889587402344,api-4,GET,/api/sessions/list
0.03982090950012207,api-4,GET,/api/sessions/list
0.041878700256347656,api-4,GET,/api/sessions/list
0.03882002830505371,api-4,GET,/api/sessions/list
0.04381418228149414,api-4,GET,/api/sessions/list
0.04128408432006836,api-4,GET,/api/sessions/list
0.03994297981262207,api-4,GET,/api/sessions/list
0.039376258850097656,api-4,GET,/api/sessions/list
0.04538297653198242,api-4,GET,/api/sessions/list
0.04428386688232422,api-4,GET,/api/sessions/list
0.041349172592163086,api-4,GET,/api/sessions/list
0.04210495948791504,api-4,GET,/api/sessions/list
0.04944300651550293,api-4,GET,/api/sessions/list
0.04793286323547363,api-4,GET,/api/sessions/list
0.045320987701416016,api-4,GET,/api/sessions/list
0.042669057846069336,api-4,GET,/api/sessions/list
0.05542397499084473,api-4,POST,/api/sessions/allocate
0.04968762397766113,api-4,GET,/api/sessions/list
0.005918979644775391,api-4,GET,/api/account/isAuthenticated
0.03776097297668457,api-4,GET,/api/sessions/get
0.03992891311645508,api-4,GET,/api/sessions/list
0.03910183906555176,api-4,GET,/api/sessions/list
0.03795576095581055,api-4,GET,/api/sessions/list
0.010859012603759766,api-4,GET,/api/account/isAuthenticated
0.046784162521362305,api-4,GET,/api/sessions/get
0.08520698547363281,api-4,POST,/api/sessions/delete
0.09546303749084473,api-4,POST,/api/sessions/delete
0.04374384880065918,api-4,POST,/api/sessions/migrate
0.08576321601867676,api-4,POST,/api/sessions/migrate
0.016005992889404297,api-4,GET,/api/account/isAuthenticated
0.05630207061767578,api-4,GET,/api/sessions/list
0.04548907279968262,api-4,GET,/api/sessions/list
0.03775286674499512,api-4,GET,/api/sessions/list
0.03786611557006836,api-4,GET,/api/sessions/list
0.04200291633605957,api-4,GET,/api/sessions/list
0.04438591003417969,api-4,GET,/api/sessions/list
0.03804516792297363,api-4,GET,/api/sessions/list
0.0055239200592041016,api-4,GET,/api/account/isAuthenticated
0.04545998573303223,api-4,GET,/api/sessions/list
0.04021501541137695,api-4,GET,/api/sessions/list
0.041828155517578125,api-4,GET,/api/sessions/list
0.039673805236816406,api-4,GET,/api/sessions/list
0.041645050048828125,api-4,GET,/api/sessions/list
0.04155707359313965,api-4,GET,/api/sessions/list
0.04134202003479004,api-4,GET,/api/sessions/list
0.03989720344543457,api-4,GET,/api/sessions/list
0.039258718490600586,api-4,GET,/api/sessions/list
0.040528059005737305,api-4,GET,/api/sessions/list
0.04249310493469238,api-4,GET,/api/sessions/list
0.037409067153930664,api-4,GET,/api/sessions/list
0.04043126106262207,api-4,GET,/api/sessions/list
0.05352783203125,api-4,POST,/api/sessions/allocate
0.03903508186340332,api-4,GET,/api/sessions/get
0.005433082580566406,api-4,GET,/api/account/isAuthenticated
0.03961801528930664,api-4,GET,/api/sessions/list
0.04511904716491699,api-4,GET,/api/sessions/list
0.043927669525146484,api-4,GET,/api/sessions/list
0.040109872817993164,api-4,GET,/api/sessions/list
0.039624929428100586,api-4,GET,/api/sessions/list
0.010927915573120117,api-4,GET,/api/account/isAuthenticated
0.049417972564697266,api-4,GET,/api/sessions/get
0.0069980621337890625,api-4,GET,/api/account/isAuthenticated
0.04203391075134277,api-4,GET,/api/sessions/get
0.0914301872253418,api-4,POST,/api/sessions/delete
0.04810070991516113,api-4,POST,/api/sessions/delete
0.0772101879119873,api-4,POST,/api/sessions/migrate
0.04083609580993652,api-4,POST,/api/sessions/migrate
0.06349062919616699,api-4,GET,/api/sessions/get
0.07888388633728027,api-4,POST,/api/sessions/delete
0.03994417190551758,api-4,POST,/api/sessions/migrate
0.04813194274902344,api-4,POST,/api/sessions/delete
0.04089188575744629,api-4,POST,/api/sessions/migrate
0.07783389091491699,api-4,GET,/api/sessions/get
0.04453706741333008,api-4,GET,/api/sessions/list
0.008891105651855469,api-4,GET,/api/account/isAuthenticated
0.005563974380493164,api-4,GET,/api/account/isAuthenticated
0.04686999320983887,api-4,GET,/api/sessions/list
0.05112791061401367,api-4,GET,/api/sessions/list
0.04430699348449707,api-4,GET,/api/sessions/list
0.04036402702331543,api-4,GET,/api/sessions/list
0.05100083351135254,api-4,GET,/api/sessions/list
0.04796004295349121,api-4,GET,/api/sessions/list
0.03765082359313965,api-4,GET,/api/sessions/list
0.03795504570007324,api-4,GET,/api/sessions/list
0.03920292854309082,api-4,GET,/api/sessions/list
0.03927779197692871,api-4,GET,/api/sessions/list
0.04759502410888672,api-4,GET,/api/sessions/list
0.04065704345703125,api-4,GET,/api/sessions/list
0.03952193260192871,api-4,GET,/api/sessions/list
0.04414987564086914,api-4,GET,/api/sessions/list
0.04444694519042969,api-4,GET,/api/sessions/list
0.040892839431762695,api-4,GET,/api/sessions/list
0.045272111892700195,api-4,GET,/api/sessions/list
0.03961181640625,api-4,GET,/api/sessions/list
0.03748202323913574,api-4,GET,/api/sessions/list
0.04191470146179199,api-4,GET,/api/sessions/list
0.039609670639038086,api-4,GET,/api/sessions/list
0.05542397499084473,api-4,GET,/api/sessions/list
0.04779815673828125,api-4,POST,/api/sessions/allocate
0.05564093589782715,api-4,GET,/api/sessions/list
0.0042951107025146484,api-4,GET,/api/account/isAuthenticated
0.041047096252441406,api-4,GET,/api/sessions/get
0.0429530143737793,api-4,GET,/api/sessions/list
0.038182973861694336,api-4,GET,/api/sessions/list
0.04143786430358887,api-4,GET,/api/sessions/list
0.039926767349243164,api-4,GET,/api/sessions/list
0.006489753723144531,api-4,GET,/api/account/isAuthenticated
0.04494881629943848,api-4,GET,/api/sessions/get
0.009919881820678711,api-4,GET,/api/account/isAuthenticated
0.0517277717590332,api-4,GET,/api/sessions/get
0.007546901702880859,api-4,GET,/api/account/isAuthenticated
0.04690194129943848,api-4,GET,/api/sessions/get
0.008663177490234375,api-4,GET,/api/account/isAuthenticated
0.04564237594604492,api-4,GET,/api/sessions/get
0.025722980499267578,api-4,GET,/api/account/isAuthenticated
0.056501150131225586,api-4,GET,/api/sessions/get
0.09062814712524414,api-4,POST,/api/sessions/delete
0.08201217651367188,api-4,POST,/api/sessions/delete
0.08040308952331543,api-4,POST,/api/sessions/migrate
0.04586219787597656,api-4,POST,/api/sessions/migrate
0.05533576011657715,api-4,GET,/api/sessions/get
0.08096694946289062,api-4,POST,/api/sessions/delete
0.040284156799316406,api-4,POST,/api/sessions/migrate
0.044157981872558594,api-4,POST,/api/sessions/delete
0.04185318946838379,api-4,POST,/api/sessions/migrate
0.041613101959228516,api-4,POST,/api/sessions/delete
0.04435086250305176,api-4,POST,/api/sessions/migrate
0.04232978820800781,api-4,GET,/api/sessions/get
0.013046979904174805,api-1,GET,/api/account/isAuthenticated
0.23141789436340332,api-1,GET,/api/sessions/list
0.03921318054199219,api-1,GET,/api/sessions/list
0.039324283599853516,api-1,GET,/api/sessions/list
0.03973889350891113,api-1,GET,/api/sessions/list
0.03918719291687012,api-1,GET,/api/sessions/list
0.049320220947265625,api-1,POST,/api/sessions/allocate
0.007575035095214844,api-1,GET,/api/account/isAuthenticated
0.040941715240478516,api-1,GET,/api/sessions/get
0.005300760269165039,api-1,GET,/api/account/isAuthenticated
0.0793299674987793,api-1,GET,/api/sessions/list
0.05242204666137695,api-1,GET,/api/sessions/list
0.015119791030883789,api-1,GET,/api/account/isAuthenticated
0.04703783988952637,api-1,GET,/api/sessions/get
0.005042314529418945,api-1,GET,/api/account/isAuthenticated
0.04269075393676758,api-1,GET,/api/sessions/get
0.08300495147705078,api-1,POST,/api/sessions/delete
0.08400368690490723,api-1,POST,/api/sessions/migrate
0.0414729118347168,api-1,POST,/api/sessions/delete
0.04188990592956543,api-1,POST,/api/sessions/migrate
0.04152202606201172,api-1,GET,/api/sessions/list
0.012372970581054688,api-1,GET,/api/account/isAuthenticated
0.0630950927734375,api-1,POST,/api/account/signin
0.045580148696899414,api-1,GET,/api/sessions/list
0.004978179931640625,api-1,GET,/api/account/isAuthenticated
0.045401811599731445,api-1,GET,/api/sessions/list
0.04068303108215332,api-1,GET,/api/sessions/list
0.040676116943359375,api-1,GET,/api/sessions/list
0.04167509078979492,api-1,GET,/api/sessions/list
0.04922127723693848,api-1,GET,/api/sessions/list
0.03917884826660156,api-1,GET,/api/sessions/list
0.01015019416809082,api-1,GET,/api/account/isAuthenticated
0.041554927825927734,api-1,GET,/api/sessions/get
